Thu May 25 00:00:00 BST 2017,1300,120,30
Thu May 25 00:00:00 BST 2017,1300,120,30
Thu May 25 00:00:00 BST 2017,1300,120,30
Thu May 25 00:00:00 BST 2017,1300,120,30
Thu May 25 00:00:00 BST 2017,1300,120,30
Thu May 25 00:00:00 BST 2017,1300,120,30
Thu May 25 00:00:00 BST 2017,1300,120,30
Thu May 25 00:00:00 BST 2017,1300,120,30
Thu May 25 00:00:00 BST 2017,1300,120,30
Thu May 25 00:00:00 BST 2017,1300,120,30
Thu May 25 00:00:00 BST 2017,1300,120,30
Thu May 25 00:00:00 BST 2017,1300,120,30
Thu May 25 00:00:00 BST 2017,1300,120,30
Thu May 25 00:00:00 BST 2017,1300,120,30
Thu May 25 00:00:00 BST 2017,1300,120,30
Thu May 25 00:00:00 BST 2017,1300,120,30
Thu May 25 00:00:00 BST 2017,1300,120,30
Thu May 25 00:00:00 BST 2017,1300,120,30
Thu May 25 00:00:00 BST 2017,1300,120,30
Thu May 25 00:00:00 BST 2017,1300,120,30
Thu May 25 00:00:00 BST 2017,1300,120,30
Thu May 25 00:00:00 BST 2017,1300,120,30
Thu May 25 00:00:00 BST 2017,1300,120,30
Thu May 25 00:00:00 BST 2017,1300,120,30
Thu May 25 00:00:00 BST 2017,1300,120,30
Thu May 25 00:00:00 BST 2017,1300,120,30
Thu May 25 00:00:00 BST 2017,1300,120,30
Thu May 25 00:00:00 BST 2017,1300,120,30
Thu May 25 00:00:00 BST 2017,1300,120,30
